id_transaksi,tanggal,produk_id,nama_produk,kategori,harga,jumlah,kota,total_harga
1,2023-01-01,P039,Produk-1,Olahraga,1054001,12,Jakarta,12648012
2,2023-01-02,P029,Produk-6,Olahraga,362023,11,Jakarta,3982253
3,2023-01-03,P015,Produk-6,Elektronik,1158447,5,Surabaya,5792235
4,2023-01-04,P043,Produk-16,Pakaian,1079127,18,Medan,19424286
5,2023-01-05,P008,Produk-4,Buku,1581180,19,Jakarta,30042420
6,2023-01-06,P021,Produk-11,Pakaian,541862,6,Surabaya,3251172
7,2023-01-07,P039,Produk-9,Pakaian,1130750,18,Bandung,20353500
8,2023-01-08,P019,Produk-3,Elektronik,805111,6,Surabaya,4830666
9,2023-01-09,P023,Produk-19,Elektronik,273563,4,Surabaya,1094252
10,2023-01-10,P011,Produk-8,Elektronik,187653,12,Surabaya,2251836
11,2023-01-11,P011,Produk-5,Elektronik,160155,19,Jakarta,3042945
12,2023-01-12,P024,Produk-4,Olahraga,383997,2,Jakarta,767994
13,2023-01-13,P036,Produk-6,Elektronik,1949054,17,Bandung,33133918
14,2023-01-14,P040,Produk-2,Olahraga,1410398,11,Makassar,15514378
15,2023-01-15,P024,Produk-20,Olahraga,1600184,11,Makassar,17602024
16,2023-01-16,P003,Produk-11,Elektronik,1911657,16,Makassar,30586512
17,2023-01-17,P022,Produk-4,Makanan,1226371,2,Bandung,2452742
18,2023-01-18,P002,Produk-15,Buku,138668,2,Makassar,277336
19,2023-01-19,P024,Produk-6,Pakaian,787685,8,Makassar,6301480
20,2023-01-20,P044,Produk-17,Olahraga,719927,13,Surabaya,9359051
21,2023-01-21,P030,Produk-6,Buku,1572196,10,Jakarta,15721960
22,2023-01-22,P038,Produk-19,Makanan,1974914,8,Jakarta,15799312
23,2023-01-23,P002,Produk-2,Pakaian,1862005,4,Surabaya,7448020
24,2023-01-24,P021,Produk-15,Pakaian,1718883,15,Surabaya,25783245
25,2023-01-25,P033,Produk-11,Olahraga,1029448,1,Surabaya,1029448
26,2023-01-26,P012,Produk-8,Elektronik,1963010,11,Jakarta,21593110
27,2023-01-27,P022,Produk-19,Makanan,603091,7,Makassar,4221637
28,2023-01-28,P044,Produk-13,Olahraga,723590,17,Surabaya,12301030
29,2023-01-29,P025,Produk-12,Makanan,723222,18,Bandung,13017996
30,2023-01-30,P049,Produk-5,Elektronik,1535147,12,Surabaya,18421764
31,2023-01-31,P027,Produk-6,Elektronik,998763,9,Medan,8988867
32,2023-02-01,P042,Produk-4,Olahraga,1328723,5,Surabaya,6643615
33,2023-02-02,P028,Produk-19,Elektronik,1054949,10,Jakarta,10549490
34,2023-02-03,P016,Produk-20,Buku,605083,4,Surabaya,2420332
35,2023-02-04,P015,Produk-1,Pakaian,1606396,5,Medan,8031980
36,2023-02-05,P047,Produk-20,Olahraga,320914,10,Bandung,3209140
37,2023-02-06,P044,Produk-17,Makanan,1633957,11,Makassar,17973527
38,2023-02-07,P003,Produk-12,Buku,1491985,10,Surabaya,14919850
39,2023-02-08,P037,Produk-15,Olahraga,412455,8,Medan,3299640
40,2023-02-09,P007,Produk-1,Elektronik,329713,2,Medan,659426
41,2023-02-10,P021,Produk-14,Elektronik,1084586,8,Bandung,8676688
42,2023-02-11,P009,Produk-6,Elektronik,1896198,16,Jakarta,30339168
43,2023-02-12,P039,Produk-5,Elektronik,1947832,5,Surabaya,9739160
44,2023-02-13,P018,Produk-11,Makanan,1796688,3,Medan,5390064
45,2023-02-14,P004,Produk-4,Buku,1786263,12,Bandung,21435156
46,2023-02-15,P025,Produk-13,Pakaian,1402790,13,Makassar,18236270
47,2023-02-16,P014,Produk-11,Makanan,1053429,13,Medan,13694577
48,2023-02-17,P050,Produk-3,Makanan,614485,10,Bandung,6144850
49,2023-02-18,P009,Produk-1,Pakaian,1625125,4,Jakarta,6500500
50,2023-02-19,P026,Produk-6,Pakaian,207584,9,Jakarta,1868256
51,2023-02-20,P002,Produk-18,Elektronik,974220,2,Medan,1948440
52,2023-02-21,P020,Produk-10,Makanan,1447515,19,Medan,27502785
53,2023-02-22,P028,Produk-5,Olahraga,341077,1,Surabaya,341077
54,2023-02-23,P047,Produk-10,Pakaian,1074729,7,Bandung,7523103
55,2023-02-24,P007,Produk-12,Pakaian,709738,17,Medan,12065546
56,2023-02-25,P044,Produk-2,Buku,1663447,3,Surabaya,4990341
57,2023-02-26,P008,Produk-13,Olahraga,424226,3,Surabaya,1272678
58,2023-02-27,P047,Produk-8,Olahraga,1970379,3,Medan,5911137
59,2023-02-28,P035,Produk-2,Pakaian,1782969,17,Jakarta,30310473
60,2023-03-01,P014,Produk-20,Elektronik,1515792,7,Bandung,10610544
61,2023-03-02,P017,Produk-1,Buku,1209608,14,Bandung,16934512
62,2023-03-03,P036,Produk-5,Olahraga,1305516,17,Jakarta,22193772
63,2023-03-04,P050,Produk-9,Pakaian,1403324,18,Medan,25259832
64,2023-03-05,P040,Produk-17,Olahraga,511552,13,Bandung,6650176
65,2023-03-06,P004,Produk-9,Buku,1980082,18,Medan,35641476
66,2023-03-07,P002,Produk-11,Buku,1325303,4,Medan,5301212
67,2023-03-08,P006,Produk-15,Makanan,123869,1,Surabaya,123869
68,2023-03-09,P042,Produk-6,Pakaian,1890418,18,Jakarta,34027524
69,2023-03-10,P004,Produk-3,Buku,919807,1,Medan,919807
70,2023-03-11,P029,Produk-17,Makanan,1809980,13,Makassar,23529740
71,2023-03-12,P018,Produk-5,Makanan,768675,10,Jakarta,7686750
72,2023-03-13,P026,Produk-12,Olahraga,1981063,11,Bandung,21791693
73,2023-03-14,P044,Produk-18,Olahraga,252416,9,Surabaya,2271744
74,2023-03-15,P034,Produk-14,Makanan,1709580,9,Bandung,15386220
75,2023-03-16,P010,Produk-11,Olahraga,628533,5,Bandung,3142665
76,2023-03-17,P036,Produk-9,Buku,617344,1,Jakarta,617344
77,2023-03-18,P014,Produk-2,Elektronik,1509501,17,Bandung,25661517
78,2023-03-19,P031,Produk-12,Buku,825024,2,Medan,1650048
79,2023-03-20,P048,Produk-3,Makanan,1419277,13,Bandung,18450601
80,2023-03-21,P015,Produk-3,Makanan,1378263,9,Surabaya,12404367
81,2023-03-22,P008,Produk-1,Buku,480634,4,Surabaya,1922536
82,2023-03-23,P014,Produk-8,Olahraga,799971,5,Makassar,3999855
83,2023-03-24,P023,Produk-8,Olahraga,546507,11,Surabaya,6011577
84,2023-03-25,P040,Produk-11,Makanan,1081008,19,Bandung,20539152
85,2023-03-26,P021,Produk-9,Pakaian,1981046,3,Surabaya,5943138
86,2023-03-27,P016,Produk-5,Olahraga,1508516,12,Jakarta,18102192
87,2023-03-28,P045,Produk-14,Buku,315972,19,Surabaya,6003468
88,2023-03-29,P018,Produk-3,Olahraga,1215232,19,Medan,23089408
89,2023-03-30,P047,Produk-5,Buku,1115663,13,Jakarta,14503619
90,2023-03-31,P024,Produk-5,Makanan,1392057,7,Makassar,9744399
91,2023-04-01,P026,Produk-19,Olahraga,186554,15,Medan,2798310
92,2023-04-02,P025,Produk-14,Buku,1950341,7,Bandung,13652387
93,2023-04-03,P045,Produk-4,Makanan,535757,8,Bandung,4286056
94,2023-04-04,P041,Produk-13,Pakaian,232024,5,Bandung,1160120
95,2023-04-05,P029,Produk-10,Buku,1235111,14,Medan,17291554
96,2023-04-06,P015,Produk-18,Pakaian,817524,4,Medan,3270096
97,2023-04-07,P045,Produk-8,Pakaian,1693312,10,Medan,16933120
98,2023-04-08,P001,Produk-8,Elektronik,1627512,15,Jakarta,24412680
99,2023-04-09,P025,Produk-7,Olahraga,1491296,18,Jakarta,26843328
100,2023-04-10,P007,Produk-8,Buku,345767,13,Bandung,4494971
101,2023-04-11,P009,Produk-14,Pakaian,1550948,8,Surabaya,12407584
102,2023-04-12,P024,Produk-19,Elektronik,85634,9,Bandung,770706
103,2023-04-13,P001,Produk-6,Makanan,426742,16,Makassar,6827872
104,2023-04-14,P044,Produk-1,Buku,361478,19,Jakarta,6868082
105,2023-04-15,P008,Produk-15,Pakaian,905080,16,Medan,14481280
106,2023-04-16,P024,Produk-1,Olahraga,1644918,7,Jakarta,11514426
107,2023-04-17,P011,Produk-17,Elektronik,1692892,14,Medan,23700488
108,2023-04-18,P017,Produk-1,Pakaian,596495,14,Makassar,8350930
109,2023-04-19,P008,Produk-15,Olahraga,523866,4,Makassar,2095464
110,2023-04-20,P035,Produk-2,Pakaian,1853757,15,Jakarta,27806355
111,2023-04-21,P035,Produk-14,Buku,655842,3,Medan,1967526
112,2023-04-22,P033,Produk-8,Buku,1775322,5,Makassar,8876610
113,2023-04-23,P005,Produk-8,Buku,657564,1,Bandung,657564
114,2023-04-24,P042,Produk-19,Elektronik,1027022,3,Bandung,3081066
115,2023-04-25,P039,Produk-7,Buku,1413501,15,Medan,21202515
116,2023-04-26,P041,Produk-19,Olahraga,758140,8,Jakarta,6065120
117,2023-04-27,P028,Produk-6,Pakaian,242512,4,Makassar,970048
118,2023-04-28,P007,Produk-6,Makanan,1011703,2,Jakarta,2023406
119,2023-04-29,P009,Produk-3,Olahraga,1946043,10,Bandung,19460430
120,2023-04-30,P008,Produk-7,Olahraga,1631074,4,Makassar,6524296
121,2023-05-01,P012,Produk-19,Buku,1667227,3,Jakarta,5001681
122,2023-05-02,P034,Produk-8,Elektronik,1865111,2,Surabaya,3730222
123,2023-05-03,P033,Produk-10,Pakaian,1701143,17,Medan,28919431
124,2023-05-04,P048,Produk-20,Elektronik,241420,13,Medan,3138460
125,2023-05-05,P023,Produk-15,Pakaian,760644,5,Surabaya,3803220
126,2023-05-06,P024,Produk-15,Pakaian,1599420,9,Bandung,14394780
127,2023-05-07,P037,Produk-1,Elektronik,1301772,6,Makassar,7810632
128,2023-05-08,P035,Produk-20,Olahraga,1298495,5,Medan,6492475
129,2023-05-09,P044,Produk-7,Pakaian,1514224,10,Surabaya,15142240
130,2023-05-10,P040,Produk-4,Elektronik,307324,8,Surabaya,2458592
131,2023-05-11,P022,Produk-6,Pakaian,769449,7,Bandung,5386143
132,2023-05-12,P027,Produk-1,Makanan,1853227,7,Bandung,12972589
133,2023-05-13,P035,Produk-5,Olahraga,1757257,6,Jakarta,10543542
134,2023-05-14,P001,Produk-1,Buku,917780,3,Medan,2753340
135,2023-05-15,P035,Produk-4,Pakaian,480599,19,Jakarta,9131381
136,2023-05-16,P037,Produk-2,Makanan,425960,15,Surabaya,6389400
137,2023-05-17,P047,Produk-10,Buku,784042,4,Makassar,3136168
138,2023-05-18,P014,Produk-5,Buku,697341,12,Makassar,8368092
139,2023-05-19,P003,Produk-10,Pakaian,1570982,6,Bandung,9425892
140,2023-05-20,P001,Produk-1,Elektronik,1282541,19,Makassar,24368279
141,2023-05-21,P005,Produk-6,Pakaian,1265468,4,Makassar,5061872
142,2023-05-22,P026,Produk-13,Makanan,1951270,15,Makassar,29269050
143,2023-05-23,P014,Produk-15,Buku,184832,9,Surabaya,1663488
144,2023-05-24,P039,Produk-4,Pakaian,1251838,5,Makassar,6259190
145,2023-05-25,P027,Produk-13,Elektronik,117411,13,Makassar,1526343
146,2023-05-26,P009,Produk-20,Pakaian,335521,18,Makassar,6039378
147,2023-05-27,P015,Produk-15,Olahraga,1538529,5,Jakarta,7692645
148,2023-05-28,P015,Produk-8,Elektronik,1037073,16,Surabaya,16593168
149,2023-05-29,P026,Produk-5,Makanan,1136787,19,Bandung,21598953
150,2023-05-30,P042,Produk-15,Buku,263981,14,Jakarta,3695734
151,2023-05-31,P013,Produk-4,Pakaian,315888,16,Medan,5054208
152,2023-06-01,P032,Produk-12,Elektronik,830926,15,Surabaya,12463890
153,2023-06-02,P039,Produk-13,Olahraga,337139,4,Surabaya,1348556
154,2023-06-03,P049,Produk-2,Elektronik,1770913,7,Medan,12396391
155,2023-06-04,P032,Produk-19,Olahraga,1851874,16,Medan,29629984
156,2023-06-05,P004,Produk-19,Makanan,608830,8,Medan,4870640
157,2023-06-06,P030,Produk-4,Buku,60651,17,Bandung,1031067
158,2023-06-07,P037,Produk-4,Makanan,1197815,16,Makassar,19165040
159,2023-06-08,P023,Produk-11,Pakaian,915363,10,Surabaya,9153630
160,2023-06-09,P039,Produk-5,Elektronik,1849280,10,Makassar,18492800
161,2023-06-10,P045,Produk-20,Olahraga,938544,2,Makassar,1877088
162,2023-06-11,P015,Produk-11,Olahraga,1901723,9,Medan,17115507
163,2023-06-12,P043,Produk-10,Elektronik,487625,17,Bandung,8289625
164,2023-06-13,P029,Produk-8,Elektronik,1253954,11,Jakarta,13793494
165,2023-06-14,P036,Produk-6,Pakaian,1248734,10,Bandung,12487340
166,2023-06-15,P013,Produk-6,Makanan,1506168,17,Makassar,25604856
167,2023-06-16,P032,Produk-8,Olahraga,1422070,4,Bandung,5688280
168,2023-06-17,P007,Produk-15,Pakaian,383569,16,Medan,6137104
169,2023-06-18,P022,Produk-14,Makanan,546574,15,Jakarta,8198610
170,2023-06-19,P028,Produk-11,Pakaian,479852,5,Medan,2399260
171,2023-06-20,P002,Produk-12,Olahraga,1971128,6,Jakarta,11826768
172,2023-06-21,P042,Produk-13,Elektronik,1999897,17,Makassar,33998249
173,2023-06-22,P045,Produk-8,Elektronik,494865,1,Jakarta,494865
174,2023-06-23,P006,Produk-18,Makanan,1526402,19,Jakarta,29001638
175,2023-06-24,P028,Produk-1,Buku,1763994,4,Jakarta,7055976
176,2023-06-25,P028,Produk-15,Makanan,305948,17,Bandung,5201116
177,2023-06-26,P044,Produk-8,Buku,1620057,9,Bandung,14580513
178,2023-06-27,P044,Produk-11,Pakaian,911069,2,Makassar,1822138
179,2023-06-28,P020,Produk-12,Pakaian,1569825,8,Jakarta,12558600
180,2023-06-29,P030,Produk-12,Olahraga,906626,15,Surabaya,13599390
181,2023-06-30,P011,Produk-4,Buku,913349,7,Makassar,6393443
182,2023-07-01,P028,Produk-16,Olahraga,114200,6,Jakarta,685200
183,2023-07-02,P025,Produk-4,Elektronik,1204424,1,Jakarta,1204424
184,2023-07-03,P039,Produk-5,Buku,156022,15,Bandung,2340330
185,2023-07-04,P033,Produk-5,Makanan,751979,7,Makassar,5263853
186,2023-07-05,P001,Produk-8,Elektronik,1511331,17,Jakarta,25692627
187,2023-07-06,P027,Produk-10,Elektronik,830741,2,Jakarta,1661482
188,2023-07-07,P013,Produk-17,Makanan,1945066,9,Makassar,17505594
189,2023-07-08,P041,Produk-9,Elektronik,1160644,9,Surabaya,10445796
190,2023-07-09,P003,Produk-19,Buku,520529,13,Makassar,6766877
191,2023-07-10,P039,Produk-14,Olahraga,936364,6,Makassar,5618184
192,2023-07-11,P006,Produk-8,Elektronik,211445,6,Surabaya,1268670
193,2023-07-12,P008,Produk-9,Buku,1787090,3,Makassar,5361270
194,2023-07-13,P027,Produk-11,Pakaian,1235679,17,Jakarta,21006543
195,2023-07-14,P009,Produk-1,Buku,274605,17,Makassar,4668285
196,2023-07-15,P037,Produk-14,Olahraga,253047,12,Surabaya,3036564
197,2023-07-16,P033,Produk-5,Buku,859217,16,Medan,13747472
198,2023-07-17,P042,Produk-14,Makanan,299768,15,Makassar,4496520
199,2023-07-18,P044,Produk-4,Olahraga,734029,13,Bandung,9542377
200,2023-07-19,P024,Produk-1,Pakaian,1193051,1,Jakarta,1193051
201,2023-07-20,P015,Produk-19,Makanan,560370,17,Jakarta,9526290
202,2023-07-21,P032,Produk-8,Buku,576570,3,Bandung,1729710
203,2023-07-22,P032,Produk-15,Olahraga,739984,15,Bandung,11099760
204,2023-07-23,P024,Produk-15,Pakaian,1802374,4,Makassar,7209496
205,2023-07-24,P041,Produk-9,Makanan,270972,4,Bandung,1083888
206,2023-07-25,P049,Produk-9,Pakaian,1952542,18,Medan,35145756
207,2023-07-26,P049,Produk-10,Buku,1261353,17,Surabaya,21443001
208,2023-07-27,P012,Produk-20,Pakaian,1959972,19,Bandung,37239468
209,2023-07-28,P039,Produk-9,Elektronik,1791373,11,Bandung,19705103
210,2023-07-29,P002,Produk-3,Makanan,258944,3,Medan,776832
211,2023-07-30,P003,Produk-20,Pakaian,1042382,8,Jakarta,8339056
212,2023-07-31,P049,Produk-11,Buku,1741870,14,Jakarta,24386180
213,2023-08-01,P037,Produk-6,Buku,1335016,1,Makassar,1335016
214,2023-08-02,P049,Produk-2,Pakaian,778342,14,Medan,10896788
215,2023-08-03,P017,Produk-7,Buku,1411303,2,Surabaya,2822606
216,2023-08-04,P049,Produk-18,Olahraga,1923400,4,Surabaya,7693600
217,2023-08-05,P002,Produk-2,Olahraga,57461,19,Medan,1091759
218,2023-08-06,P002,Produk-17,Olahraga,1722987,6,Surabaya,10337922
219,2023-08-07,P028,Produk-11,Elektronik,846948,1,Jakarta,846948
220,2023-08-08,P023,Produk-12,Pakaian,522501,17,Surabaya,8882517
221,2023-08-09,P037,Produk-19,Elektronik,1247162,8,Surabaya,9977296
222,2023-08-10,P032,Produk-7,Buku,1096161,19,Medan,20827059
223,2023-08-11,P033,Produk-20,Elektronik,433395,1,Medan,433395
224,2023-08-12,P001,Produk-6,Buku,544178,5,Surabaya,2720890
225,2023-08-13,P019,Produk-1,Buku,281496,16,Bandung,4503936
226,2023-08-14,P002,Produk-17,Makanan,742148,6,Medan,4452888
227,2023-08-15,P044,Produk-11,Olahraga,1829685,8,Makassar,14637480
228,2023-08-16,P026,Produk-18,Buku,1814985,13,Makassar,23594805
229,2023-08-17,P032,Produk-17,Makanan,1947501,16,Jakarta,31160016
230,2023-08-18,P006,Produk-7,Olahraga,610315,3,Surabaya,1830945
231,2023-08-19,P032,Produk-17,Buku,929979,19,Bandung,17669601
232,2023-08-20,P004,Produk-20,Buku,223921,12,Jakarta,2687052
233,2023-08-21,P011,Produk-9,Elektronik,1985135,16,Surabaya,31762160
234,2023-08-22,P017,Produk-17,Elektronik,723218,11,Medan,7955398
235,2023-08-23,P038,Produk-20,Olahraga,1838098,10,Makassar,18380980
236,2023-08-24,P024,Produk-8,Buku,653291,4,Bandung,2613164
237,2023-08-25,P005,Produk-17,Pakaian,757755,12,Makassar,9093060
238,2023-08-26,P034,Produk-7,Elektronik,614046,2,Medan,1228092
239,2023-08-27,P006,Produk-1,Olahraga,366456,19,Surabaya,6962664
240,2023-08-28,P022,Produk-13,Buku,1429390,5,Medan,7146950
241,2023-08-29,P011,Produk-19,Buku,1084262,8,Medan,8674096
242,2023-08-30,P048,Produk-19,Pakaian,132279,7,Makassar,925953
243,2023-08-31,P016,Produk-17,Olahraga,65434,14,Bandung,916076
244,2023-09-01,P033,Produk-13,Buku,769407,3,Medan,2308221
245,2023-09-02,P009,Produk-16,Elektronik,490991,18,Makassar,8837838
246,2023-09-03,P006,Produk-8,Pakaian,387913,16,Bandung,6206608
247,2023-09-04,P016,Produk-19,Olahraga,1868618,19,Surabaya,35503742
248,2023-09-05,P029,Produk-18,Pakaian,378821,19,Surabaya,7197599
249,2023-09-06,P003,Produk-1,Elektronik,133555,18,Jakarta,2403990
250,2023-09-07,P020,Produk-14,Olahraga,1751243,16,Makassar,28019888
251,2023-09-08,P036,Produk-19,Pakaian,1839856,8,Bandung,14718848
252,2023-09-09,P019,Produk-15,Makanan,1862375,1,Medan,1862375
253,2023-09-10,P026,Produk-18,Elektronik,226806,17,Surabaya,3855702
254,2023-09-11,P003,Produk-2,Elektronik,1986673,12,Bandung,23840076
255,2023-09-12,P019,Produk-17,Elektronik,1580295,11,Makassar,17383245
256,2023-09-13,P020,Produk-18,Makanan,483819,5,Jakarta,2419095
257,2023-09-14,P032,Produk-6,Makanan,1568500,12,Surabaya,18822000
258,2023-09-15,P007,Produk-19,Buku,1049430,17,Bandung,17840310
259,2023-09-16,P041,Produk-4,Pakaian,118803,6,Bandung,712818
260,2023-09-17,P033,Produk-1,Buku,1531124,1,Bandung,1531124
261,2023-09-18,P040,Produk-8,Pakaian,1976711,5,Makassar,9883555
262,2023-09-19,P039,Produk-7,Makanan,857744,14,Makassar,12008416
263,2023-09-20,P018,Produk-3,Makanan,798736,5,Makassar,3993680
264,2023-09-21,P040,Produk-10,Buku,1576318,1,Medan,1576318
265,2023-09-22,P001,Produk-10,Olahraga,749539,18,Bandung,13491702
266,2023-09-23,P011,Produk-19,Buku,1825378,16,Surabaya,29206048
267,2023-09-24,P028,Produk-14,Pakaian,295404,9,Makassar,2658636
268,2023-09-25,P025,Produk-2,Buku,692249,19,Makassar,13152731
269,2023-09-26,P050,Produk-1,Elektronik,1401099,5,Bandung,7005495
270,2023-09-27,P023,Produk-18,Pakaian,67297,2,Makassar,134594
271,2023-09-28,P031,Produk-7,Pakaian,838443,15,Medan,12576645
272,2023-09-29,P030,Produk-8,Olahraga,1607922,7,Medan,11255454
273,2023-09-30,P042,Produk-1,Makanan,1218810,4,Makassar,4875240
274,2023-10-01,P035,Produk-3,Pakaian,618302,1,Bandung,618302
275,2023-10-02,P007,Produk-8,Makanan,1866030,13,Bandung,24258390
276,2023-10-03,P016,Produk-15,Buku,979242,7,Bandung,6854694
277,2023-10-04,P026,Produk-5,Elektronik,1979341,15,Jakarta,29690115
278,2023-10-05,P048,Produk-3,Olahraga,1277146,14,Makassar,17880044
279,2023-10-06,P049,Produk-19,Makanan,833152,19,Bandung,15829888
280,2023-10-07,P002,Produk-1,Pakaian,847552,18,Medan,15255936
281,2023-10-08,P001,Produk-15,Makanan,1608309,10,Surabaya,16083090
282,2023-10-09,P048,Produk-8,Pakaian,1383572,9,Surabaya,12452148
283,2023-10-10,P012,Produk-2,Makanan,1439959,8,Bandung,11519672
284,2023-10-11,P005,Produk-3,Pakaian,1492721,10,Surabaya,14927210
285,2023-10-12,P037,Produk-14,Buku,1831423,17,Surabaya,31134191
286,2023-10-13,P032,Produk-14,Pakaian,561603,2,Jakarta,1123206
287,2023-10-14,P009,Produk-11,Pakaian,665863,6,Medan,3995178
288,2023-10-15,P041,Produk-16,Elektronik,1093659,5,Medan,5468295
289,2023-10-16,P035,Produk-4,Pakaian,557365,9,Jakarta,5016285
290,2023-10-17,P019,Produk-20,Elektronik,1717904,5,Jakarta,8589520
291,2023-10-18,P048,Produk-5,Olahraga,1247086,18,Surabaya,22447548
292,2023-10-19,P016,Produk-14,Elektronik,1278163,9,Makassar,11503467
293,2023-10-20,P003,Produk-16,Buku,1628608,17,Surabaya,27686336
294,2023-10-21,P020,Produk-18,Elektronik,1837756,17,Jakarta,31241852
295,2023-10-22,P024,Produk-7,Olahraga,1534209,12,Medan,18410508
296,2023-10-23,P033,Produk-10,Buku,1072788,7,Surabaya,7509516
297,2023-10-24,P024,Produk-7,Makanan,878791,3,Makassar,2636373
298,2023-10-25,P011,Produk-1,Makanan,1773735,10,Surabaya,17737350
299,2023-10-26,P049,Produk-19,Elektronik,410890,2,Bandung,821780
300,2023-10-27,P008,Produk-16,Elektronik,799122,3,Surabaya,2397366
301,2023-10-28,P036,Produk-19,Olahraga,695194,16,Jakarta,11123104
302,2023-10-29,P038,Produk-4,Olahraga,251260,2,Medan,502520
303,2023-10-30,P040,Produk-18,Pakaian,1843795,10,Medan,18437950
304,2023-10-31,P020,Produk-2,Olahraga,827881,6,Jakarta,4967286
305,2023-11-01,P035,Produk-1,Pakaian,1861610,11,Bandung,20477710
306,2023-11-02,P048,Produk-15,Buku,1630461,7,Jakarta,11413227
307,2023-11-03,P025,Produk-5,Elektronik,883525,15,Surabaya,13252875
308,2023-11-04,P035,Produk-20,Buku,1529018,6,Jakarta,9174108
309,2023-11-05,P025,Produk-11,Olahraga,1301775,9,Jakarta,11715975
310,2023-11-06,P029,Produk-10,Buku,426794,12,Bandung,5121528
311,2023-11-07,P018,Produk-2,Buku,1583161,19,Surabaya,30080059
312,2023-11-08,P046,Produk-3,Buku,1831298,3,Makassar,5493894
313,2023-11-09,P018,Produk-12,Olahraga,1780353,15,Makassar,26705295
314,2023-11-10,P002,Produk-20,Buku,986197,2,Medan,1972394
315,2023-11-11,P035,Produk-5,Pakaian,1571466,2,Jakarta,3142932
316,2023-11-12,P016,Produk-5,Olahraga,433100,3,Medan,1299300
317,2023-11-13,P041,Produk-6,Buku,165598,6,Bandung,993588
318,2023-11-14,P036,Produk-9,Olahraga,300100,15,Makassar,4501500
319,2023-11-15,P033,Produk-2,Makanan,832877,10,Jakarta,8328770
320,2023-11-16,P004,Produk-12,Pakaian,758521,9,Bandung,6826689
321,2023-11-17,P033,Produk-3,Buku,826676,1,Bandung,826676
322,2023-11-18,P014,Produk-20,Makanan,183241,16,Jakarta,2931856
323,2023-11-19,P021,Produk-12,Makanan,1838028,6,Bandung,11028168
324,2023-11-20,P048,Produk-17,Olahraga,1251700,9,Jakarta,11265300
325,2023-11-21,P020,Produk-10,Makanan,1563641,4,Jakarta,6254564
326,2023-11-22,P008,Produk-14,Pakaian,1303499,2,Surabaya,2606998
327,2023-11-23,P007,Produk-17,Pakaian,58036,4,Medan,232144
328,2023-11-24,P003,Produk-18,Elektronik,1654642,1,Bandung,1654642
329,2023-11-25,P017,Produk-19,Pakaian,995238,19,Bandung,18909522
330,2023-11-26,P033,Produk-17,Makanan,1252821,10,Surabaya,12528210
331,2023-11-27,P048,Produk-14,Pakaian,1784339,15,Surabaya,26765085
332,2023-11-28,P012,Produk-9,Olahraga,1033825,19,Surabaya,19642675
333,2023-11-29,P022,Produk-8,Elektronik,252747,16,Makassar,4043952
334,2023-11-30,P022,Produk-2,Makanan,593088,4,Makassar,2372352
335,2023-12-01,P046,Produk-13,Elektronik,1386092,2,Makassar,2772184
336,2023-12-02,P030,Produk-7,Makanan,1422236,13,Jakarta,18489068
337,2023-12-03,P038,Produk-9,Olahraga,1905546,1,Bandung,1905546
338,2023-12-04,P038,Produk-11,Elektronik,900350,17,Medan,15305950
339,2023-12-05,P045,Produk-14,Buku,982477,13,Jakarta,12772201
340,2023-12-06,P008,Produk-4,Makanan,1431875,4,Bandung,5727500
341,2023-12-07,P027,Produk-13,Buku,805600,7,Bandung,5639200
342,2023-12-08,P027,Produk-2,Elektronik,1158076,17,Surabaya,19687292
343,2023-12-09,P034,Produk-5,Buku,217647,9,Surabaya,1958823
344,2023-12-10,P021,Produk-11,Buku,286527,4,Jakarta,1146108
345,2023-12-11,P030,Produk-6,Elektronik,485477,19,Surabaya,9224063
346,2023-12-12,P033,Produk-18,Olahraga,1733523,1,Bandung,1733523
347,2023-12-13,P028,Produk-10,Buku,602004,10,Surabaya,6020040
348,2023-12-14,P047,Produk-4,Buku,1495028,4,Makassar,5980112
349,2023-12-15,P033,Produk-9,Olahraga,1507640,9,Surabaya,13568760
350,2023-12-16,P005,Produk-6,Buku,52352,13,Bandung,680576
351,2023-12-17,P048,Produk-2,Buku,183004,14,Jakarta,2562056
352,2023-12-18,P019,Produk-17,Buku,912881,10,Medan,9128810
353,2023-12-19,P004,Produk-5,Pakaian,1631420,6,Surabaya,9788520
354,2023-12-20,P035,Produk-6,Olahraga,836261,16,Bandung,13380176
355,2023-12-21,P049,Produk-12,Buku,1447556,6,Medan,8685336
356,2023-12-22,P017,Produk-10,Olahraga,710858,17,Medan,12084586
357,2023-12-23,P044,Produk-6,Makanan,781478,10,Makassar,7814780
358,2023-12-24,P028,Produk-8,Makanan,100098,18,Medan,1801764
359,2023-12-25,P030,Produk-2,Buku,1031890,18,Bandung,18574020
360,2023-12-26,P029,Produk-12,Olahraga,424313,3,Bandung,1272939
361,2023-12-27,P046,Produk-13,Olahraga,714929,15,Surabaya,10723935
362,2023-12-28,P006,Produk-7,Olahraga,297199,15,Surabaya,4457985
363,2023-12-29,P035,Produk-10,Pakaian,176060,4,Surabaya,704240
364,2023-12-30,P041,Produk-13,Makanan,1286530,9,Medan,11578770
365,2023-12-31,P037,Produk-17,Olahraga,1824329,19,Medan,34662251
366,2024-01-01,P024,Produk-14,Olahraga,180544,17,Makassar,3069248
367,2024-01-02,P029,Produk-2,Pakaian,574628,11,Surabaya,6320908
368,2024-01-03,P049,Produk-11,Pakaian,749309,9,Jakarta,6743781
369,2024-01-04,P046,Produk-1,Olahraga,656590,10,Makassar,6565900
370,2024-01-05,P031,Produk-19,Elektronik,1029947,18,Jakarta,18539046
371,2024-01-06,P035,Produk-4,Olahraga,797028,13,Medan,10361364
372,2024-01-07,P033,Produk-19,Olahraga,517243,8,Makassar,4137944
373,2024-01-08,P021,Produk-11,Pakaian,574426,7,Makassar,4020982
374,2024-01-09,P032,Produk-8,Pakaian,443574,17,Bandung,7540758
375,2024-01-10,P023,Produk-11,Olahraga,1742483,15,Medan,26137245
376,2024-01-11,P033,Produk-4,Olahraga,518466,15,Medan,7776990
377,2024-01-12,P003,Produk-17,Olahraga,921808,1,Makassar,921808
378,2024-01-13,P018,Produk-7,Pakaian,1722795,14,Medan,24119130
379,2024-01-14,P025,Produk-8,Olahraga,206951,5,Makassar,1034755
380,2024-01-15,P042,Produk-3,Olahraga,917964,11,Bandung,10097604
381,2024-01-16,P031,Produk-2,Buku,892210,16,Makassar,14275360
382,2024-01-17,P003,Produk-15,Elektronik,612060,2,Medan,1224120
383,2024-01-18,P040,Produk-5,Makanan,1157054,8,Medan,9256432
384,2024-01-19,P046,Produk-1,Elektronik,1556145,11,Makassar,17117595
385,2024-01-20,P024,Produk-4,Buku,601050,18,Makassar,10818900
386,2024-01-21,P050,Produk-15,Makanan,1242931,3,Makassar,3728793
387,2024-01-22,P032,Produk-20,Olahraga,1817858,1,Surabaya,1817858
388,2024-01-23,P047,Produk-19,Buku,744780,11,Medan,8192580
389,2024-01-24,P022,Produk-3,Olahraga,892000,16,Medan,14272000
390,2024-01-25,P023,Produk-20,Pakaian,921522,18,Surabaya,16587396
391,2024-01-26,P002,Produk-11,Buku,1905227,16,Makassar,30483632
392,2024-01-27,P027,Produk-17,Pakaian,893601,10,Bandung,8936010
393,2024-01-28,P042,Produk-13,Buku,1592247,18,Makassar,28660446
394,2024-01-29,P002,Produk-11,Buku,649253,6,Makassar,3895518
395,2024-01-30,P026,Produk-2,Pakaian,227912,19,Surabaya,4330328
396,2024-01-31,P017,Produk-9,Makanan,225767,4,Medan,903068
397,2024-02-01,P040,Produk-2,Elektronik,286281,13,Makassar,3721653
398,2024-02-02,P033,Produk-9,Olahraga,134754,14,Medan,1886556
399,2024-02-03,P009,Produk-9,Buku,652276,3,Jakarta,1956828
400,2024-02-04,P043,Produk-8,Olahraga,1550134,10,Medan,15501340
401,2024-02-05,P048,Produk-17,Pakaian,557732,6,Bandung,3346392
402,2024-02-06,P039,Produk-1,Olahraga,200023,1,Bandung,200023
403,2024-02-07,P029,Produk-11,Pakaian,1755243,14,Makassar,24573402
404,2024-02-08,P042,Produk-8,Olahraga,130388,8,Medan,1043104
405,2024-02-09,P026,Produk-10,Elektronik,1975776,19,Makassar,37539744
406,2024-02-10,P035,Produk-7,Elektronik,1920436,14,Surabaya,26886104
407,2024-02-11,P050,Produk-3,Elektronik,289779,10,Bandung,2897790
408,2024-02-12,P025,Produk-3,Elektronik,928453,17,Makassar,15783701
409,2024-02-13,P024,Produk-18,Elektronik,954850,9,Surabaya,8593650
410,2024-02-14,P013,Produk-5,Elektronik,256846,6,Makassar,1541076
411,2024-02-15,P007,Produk-12,Pakaian,744335,11,Medan,8187685
412,2024-02-16,P036,Produk-12,Buku,1085354,7,Medan,7597478
413,2024-02-17,P045,Produk-19,Olahraga,1230788,17,Medan,20923396
414,2024-02-18,P020,Produk-6,Elektronik,1911429,1,Medan,1911429
415,2024-02-19,P001,Produk-2,Pakaian,838140,5,Jakarta,4190700
416,2024-02-20,P008,Produk-12,Pakaian,1511387,9,Surabaya,13602483
417,2024-02-21,P046,Produk-19,Pakaian,1698885,18,Surabaya,30579930
418,2024-02-22,P016,Produk-5,Buku,1257956,2,Medan,2515912
419,2024-02-23,P014,Produk-12,Olahraga,1143365,11,Jakarta,12577015
420,2024-02-24,P012,Produk-17,Buku,76086,6,Medan,456516
421,2024-02-25,P023,Produk-17,Makanan,1377579,8,Jakarta,11020632
422,2024-02-26,P015,Produk-10,Pakaian,581972,4,Medan,2327888
423,2024-02-27,P028,Produk-17,Makanan,1189664,18,Bandung,21413952
424,2024-02-28,P034,Produk-15,Elektronik,444423,11,Bandung,4888653
425,2024-02-29,P002,Produk-12,Elektronik,1668963,5,Makassar,8344815
426,2024-03-01,P032,Produk-16,Buku,640381,15,Medan,9605715
427,2024-03-02,P023,Produk-19,Olahraga,1259337,18,Surabaya,22668066
428,2024-03-03,P022,Produk-8,Makanan,885083,2,Makassar,1770166
429,2024-03-04,P025,Produk-17,Olahraga,1636757,11,Bandung,18004327
430,2024-03-05,P022,Produk-5,Buku,1589600,13,Medan,20664800
431,2024-03-06,P022,Produk-16,Elektronik,1689282,4,Makassar,6757128
432,2024-03-07,P049,Produk-6,Olahraga,1223650,7,Medan,8565550
433,2024-03-08,P042,Produk-8,Olahraga,939497,11,Bandung,10334467
434,2024-03-09,P006,Produk-18,Elektronik,180351,4,Makassar,721404
435,2024-03-10,P015,Produk-12,Makanan,1813947,15,Bandung,27209205
436,2024-03-11,P043,Produk-15,Elektronik,88635,1,Jakarta,88635
437,2024-03-12,P037,Produk-9,Olahraga,1023619,3,Bandung,3070857
438,2024-03-13,P033,Produk-13,Makanan,1193647,14,Medan,16711058
439,2024-03-14,P008,Produk-15,Makanan,1045909,6,Surabaya,6275454
440,2024-03-15,P044,Produk-10,Elektronik,1564494,18,Bandung,28160892
441,2024-03-16,P044,Produk-16,Olahraga,914950,1,Surabaya,914950
442,2024-03-17,P005,Produk-7,Buku,1466953,6,Jakarta,8801718
443,2024-03-18,P039,Produk-17,Olahraga,940083,6,Makassar,5640498
444,2024-03-19,P004,Produk-7,Pakaian,647093,16,Makassar,10353488
445,2024-03-20,P006,Produk-14,Buku,471280,5,Surabaya,2356400
446,2024-03-21,P045,Produk-15,Makanan,959245,17,Makassar,16307165
447,2024-03-22,P032,Produk-7,Buku,391207,10,Bandung,3912070
448,2024-03-23,P030,Produk-9,Makanan,1363174,18,Surabaya,24537132
449,2024-03-24,P047,Produk-19,Makanan,1381598,7,Medan,9671186
450,2024-03-25,P035,Produk-16,Buku,1280746,3,Bandung,3842238
451,2024-03-26,P040,Produk-8,Makanan,243226,13,Bandung,3161938
452,2024-03-27,P016,Produk-18,Makanan,1242639,15,Bandung,18639585
453,2024-03-28,P013,Produk-18,Pakaian,642632,19,Medan,12210008
454,2024-03-29,P050,Produk-20,Olahraga,1989954,3,Jakarta,5969862
455,2024-03-30,P042,Produk-7,Olahraga,610881,4,Makassar,2443524
456,2024-03-31,P030,Produk-3,Pakaian,610592,5,Surabaya,3052960
457,2024-04-01,P019,Produk-18,Buku,1522178,1,Jakarta,1522178
458,2024-04-02,P017,Produk-10,Elektronik,1809156,4,Surabaya,7236624
459,2024-04-03,P019,Produk-7,Elektronik,1212189,12,Makassar,14546268
460,2024-04-04,P028,Produk-17,Elektronik,1823274,10,Medan,18232740
461,2024-04-05,P026,Produk-14,Pakaian,1586081,13,Bandung,20619053
462,2024-04-06,P037,Produk-3,Pakaian,464299,14,Bandung,6500186
463,2024-04-07,P026,Produk-12,Makanan,1641218,5,Medan,8206090
464,2024-04-08,P023,Produk-13,Elektronik,334334,4,Jakarta,1337336
465,2024-04-09,P009,Produk-2,Buku,1629006,14,Jakarta,22806084
466,2024-04-10,P012,Produk-3,Buku,471614,10,Surabaya,4716140
467,2024-04-11,P001,Produk-5,Elektronik,1281619,17,Medan,21787523
468,2024-04-12,P001,Produk-11,Elektronik,1926870,10,Jakarta,19268700
469,2024-04-13,P047,Produk-8,Elektronik,1807346,7,Medan,12651422
470,2024-04-14,P034,Produk-12,Pakaian,1249151,16,Makassar,19986416
471,2024-04-15,P032,Produk-7,Pakaian,175438,1,Bandung,175438
472,2024-04-16,P048,Produk-15,Pakaian,1671320,17,Bandung,28412440
473,2024-04-17,P025,Produk-17,Olahraga,1723031,9,Bandung,15507279
474,2024-04-18,P040,Produk-4,Buku,1967043,6,Medan,11802258
475,2024-04-19,P045,Produk-13,Buku,1072892,19,Medan,20384948
476,2024-04-20,P001,Produk-18,Makanan,844448,13,Surabaya,10977824
477,2024-04-21,P016,Produk-1,Pakaian,314528,3,Bandung,943584
478,2024-04-22,P039,Produk-16,Olahraga,1291968,7,Surabaya,9043776
479,2024-04-23,P005,Produk-13,Olahraga,458288,9,Bandung,4124592
480,2024-04-24,P022,Produk-10,Buku,152239,5,Surabaya,761195
481,2024-04-25,P029,Produk-12,Pakaian,685719,10,Surabaya,6857190
482,2024-04-26,P003,Produk-2,Makanan,1965026,17,Makassar,33405442
483,2024-04-27,P012,Produk-3,Pakaian,1663374,12,Surabaya,19960488
484,2024-04-28,P026,Produk-10,Elektronik,754293,16,Medan,12068688
485,2024-04-29,P016,Produk-2,Pakaian,858258,3,Surabaya,2574774
486,2024-04-30,P037,Produk-13,Elektronik,380170,9,Bandung,3421530
487,2024-05-01,P022,Produk-13,Elektronik,171668,15,Surabaya,2575020
488,2024-05-02,P029,Produk-18,Makanan,816988,5,Jakarta,4084940
489,2024-05-03,P014,Produk-3,Buku,1517310,13,Bandung,19725030
490,2024-05-04,P028,Produk-7,Pakaian,598333,14,Jakarta,8376662
491,2024-05-05,P005,Produk-14,Elektronik,231948,15,Bandung,3479220
492,2024-05-06,P047,Produk-20,Pakaian,535662,16,Medan,8570592
493,2024-05-07,P049,Produk-17,Buku,664390,13,Medan,8637070
494,2024-05-08,P030,Produk-12,Buku,364063,17,Medan,6189071
495,2024-05-09,P046,Produk-16,Olahraga,1722305,8,Jakarta,13778440
496,2024-05-10,P005,Produk-12,Buku,1256751,2,Makassar,2513502
497,2024-05-11,P012,Produk-15,Makanan,299877,5,Bandung,1499385
498,2024-05-12,P016,Produk-10,Elektronik,1003692,6,Medan,6022152
499,2024-05-13,P026,Produk-7,Olahraga,1235493,12,Bandung,14825916
500,2024-05-14,P026,Produk-20,Makanan,267770,18,Jakarta,4819860
501,2024-05-15,P048,Produk-5,Pakaian,692613,1,Makassar,692613
502,2024-05-16,P021,Produk-1,Elektronik,1642201,17,Jakarta,27917417
503,2024-05-17,P039,Produk-17,Buku,727673,11,Bandung,8004403
504,2024-05-18,P036,Produk-3,Elektronik,994447,10,Makassar,9944470
505,2024-05-19,P033,Produk-13,Pakaian,390093,19,Makassar,7411767
506,2024-05-20,P030,Produk-14,Olahraga,1885284,14,Jakarta,26393976
507,2024-05-21,P037,Produk-18,Olahraga,1411871,10,Medan,14118710
508,2024-05-22,P023,Produk-4,Olahraga,1072145,15,Bandung,16082175
509,2024-05-23,P010,Produk-18,Buku,1765880,19,Surabaya,33551720
510,2024-05-24,P005,Produk-5,Makanan,1937895,4,Surabaya,7751580
511,2024-05-25,P036,Produk-16,Makanan,655730,2,Jakarta,1311460
512,2024-05-26,P034,Produk-1,Elektronik,1148423,9,Bandung,10335807
513,2024-05-27,P031,Produk-14,Buku,1157229,10,Bandung,11572290
514,2024-05-28,P010,Produk-15,Olahraga,1840008,11,Jakarta,20240088
515,2024-05-29,P019,Produk-9,Olahraga,1876525,14,Bandung,26271350
516,2024-05-30,P032,Produk-15,Pakaian,368766,7,Medan,2581362
517,2024-05-31,P001,Produk-17,Pakaian,1388530,15,Jakarta,20827950
518,2024-06-01,P005,Produk-4,Olahraga,1176418,19,Medan,22351942
519,2024-06-02,P045,Produk-12,Olahraga,322647,15,Bandung,4839705
520,2024-06-03,P004,Produk-5,Buku,134761,8,Jakarta,1078088
521,2024-06-04,P016,Produk-5,Makanan,1528768,11,Bandung,16816448
522,2024-06-05,P024,Produk-11,Pakaian,848022,9,Jakarta,7632198
523,2024-06-06,P016,Produk-6,Makanan,1615213,15,Bandung,24228195
524,2024-06-07,P002,Produk-7,Buku,716246,1,Medan,716246
525,2024-06-08,P049,Produk-14,Olahraga,980370,1,Medan,980370
526,2024-06-09,P028,Produk-11,Makanan,378768,19,Bandung,7196592
527,2024-06-10,P032,Produk-13,Olahraga,738152,3,Jakarta,2214456
528,2024-06-11,P027,Produk-2,Olahraga,452980,10,Surabaya,4529800
529,2024-06-12,P020,Produk-7,Elektronik,1088336,8,Medan,8706688
530,2024-06-13,P024,Produk-20,Makanan,831198,15,Medan,12467970
531,2024-06-14,P012,Produk-4,Makanan,1218932,10,Surabaya,12189320
532,2024-06-15,P050,Produk-8,Olahraga,1315804,1,Bandung,1315804
533,2024-06-16,P035,Produk-20,Buku,92727,18,Jakarta,1669086
534,2024-06-17,P033,Produk-19,Elektronik,390615,2,Bandung,781230
535,2024-06-18,P033,Produk-13,Olahraga,1630932,19,Makassar,30987708
536,2024-06-19,P043,Produk-14,Pakaian,691211,13,Medan,8985743
537,2024-06-20,P037,Produk-10,Pakaian,1499087,1,Makassar,1499087
538,2024-06-21,P012,Produk-11,Elektronik,484376,2,Medan,968752
539,2024-06-22,P003,Produk-2,Buku,61390,16,Medan,982240
540,2024-06-23,P001,Produk-9,Olahraga,681040,15,Makassar,10215600
541,2024-06-24,P033,Produk-17,Makanan,987635,13,Makassar,12839255
542,2024-06-25,P040,Produk-3,Elektronik,1455474,16,Bandung,23287584
543,2024-06-26,P010,Produk-6,Buku,1436689,17,Makassar,24423713
544,2024-06-27,P043,Produk-5,Makanan,1768974,7,Bandung,12382818
545,2024-06-28,P044,Produk-5,Pakaian,1019831,17,Bandung,17337127
546,2024-06-29,P029,Produk-15,Pakaian,799078,7,Bandung,5593546
547,2024-06-30,P013,Produk-17,Makanan,1437784,13,Medan,18691192
548,2024-07-01,P012,Produk-9,Elektronik,71281,5,Medan,356405
549,2024-07-02,P031,Produk-3,Pakaian,104189,17,Makassar,1771213
550,2024-07-03,P046,Produk-20,Olahraga,312093,3,Medan,936279
551,2024-07-04,P002,Produk-17,Makanan,1409231,7,Makassar,9864617
552,2024-07-05,P050,Produk-10,Makanan,1744979,17,Medan,29664643
553,2024-07-06,P035,Produk-3,Pakaian,1631469,7,Jakarta,11420283
554,2024-07-07,P023,Produk-18,Elektronik,412462,1,Jakarta,412462
555,2024-07-08,P017,Produk-18,Olahraga,444597,17,Makassar,7558149
556,2024-07-09,P026,Produk-17,Elektronik,856242,17,Medan,14556114
557,2024-07-10,P008,Produk-3,Buku,1347991,11,Medan,14827901
558,2024-07-11,P029,Produk-3,Buku,729682,3,Bandung,2189046
559,2024-07-12,P026,Produk-6,Pakaian,1140445,15,Surabaya,17106675
560,2024-07-13,P010,Produk-13,Pakaian,607243,11,Makassar,6679673
561,2024-07-14,P026,Produk-15,Pakaian,1684252,16,Surabaya,26948032
562,2024-07-15,P034,Produk-9,Buku,1864188,9,Surabaya,16777692
563,2024-07-16,P041,Produk-4,Elektronik,60207,1,Makassar,60207
564,2024-07-17,P007,Produk-14,Elektronik,268401,16,Medan,4294416
565,2024-07-18,P004,Produk-5,Pakaian,1035132,9,Makassar,9316188
566,2024-07-19,P050,Produk-2,Olahraga,209292,19,Surabaya,3976548
567,2024-07-20,P045,Produk-11,Elektronik,1575842,12,Medan,18910104
568,2024-07-21,P011,Produk-9,Buku,546762,19,Jakarta,10388478
569,2024-07-22,P029,Produk-3,Makanan,1303733,9,Makassar,11733597
570,2024-07-23,P036,Produk-9,Makanan,1120607,7,Makassar,7844249
571,2024-07-24,P025,Produk-3,Makanan,513937,14,Medan,7195118
572,2024-07-25,P021,Produk-2,Olahraga,917239,19,Jakarta,17427541
573,2024-07-26,P036,Produk-12,Pakaian,645600,19,Jakarta,12266400
574,2024-07-27,P010,Produk-10,Buku,634054,2,Medan,1268108
575,2024-07-28,P037,Produk-9,Olahraga,1242097,9,Bandung,11178873
576,2024-07-29,P009,Produk-15,Buku,401977,13,Makassar,5225701
577,2024-07-30,P024,Produk-8,Buku,237771,15,Makassar,3566565
578,2024-07-31,P035,Produk-5,Pakaian,287199,3,Surabaya,861597
579,2024-08-01,P049,Produk-11,Makanan,1048757,11,Medan,11536327
580,2024-08-02,P035,Produk-2,Pakaian,1859595,14,Surabaya,26034330
581,2024-08-03,P048,Produk-15,Olahraga,810129,8,Surabaya,6481032
582,2024-08-04,P036,Produk-6,Olahraga,685329,18,Jakarta,12335922
583,2024-08-05,P018,Produk-8,Olahraga,690473,19,Makassar,13118987
584,2024-08-06,P049,Produk-5,Pakaian,227164,16,Surabaya,3634624
585,2024-08-07,P039,Produk-16,Buku,1555463,2,Jakarta,3110926
586,2024-08-08,P032,Produk-18,Buku,1633214,8,Medan,13065712
587,2024-08-09,P024,Produk-6,Elektronik,801518,6,Surabaya,4809108
588,2024-08-10,P023,Produk-5,Olahraga,1985867,12,Makassar,23830404
589,2024-08-11,P032,Produk-16,Buku,563313,15,Surabaya,8449695
590,2024-08-12,P037,Produk-13,Elektronik,1092726,8,Medan,8741808
591,2024-08-13,P012,Produk-5,Buku,1884434,4,Surabaya,7537736
592,2024-08-14,P049,Produk-13,Olahraga,1167063,15,Makassar,17505945
593,2024-08-15,P013,Produk-17,Makanan,198694,17,Jakarta,3377798
594,2024-08-16,P023,Produk-18,Olahraga,173853,13,Makassar,2260089
595,2024-08-17,P025,Produk-8,Pakaian,1413837,18,Jakarta,25449066
596,2024-08-18,P035,Produk-13,Buku,285062,2,Bandung,570124
597,2024-08-19,P041,Produk-19,Buku,1550186,13,Makassar,20152418
598,2024-08-20,P030,Produk-3,Pakaian,283077,13,Makassar,3680001
599,2024-08-21,P017,Produk-8,Pakaian,937516,15,Medan,14062740
600,2024-08-22,P049,Produk-2,Makanan,1122358,10,Surabaya,11223580
601,2024-08-23,P020,Produk-8,Buku,1608068,3,Jakarta,4824204
602,2024-08-24,P048,Produk-13,Buku,1913462,19,Jakarta,36355778
603,2024-08-25,P025,Produk-13,Makanan,1952912,3,Medan,5858736
604,2024-08-26,P022,Produk-1,Elektronik,704224,14,Medan,9859136
605,2024-08-27,P013,Produk-6,Makanan,1507384,8,Surabaya,12059072
606,2024-08-28,P019,Produk-19,Olahraga,203245,4,Surabaya,812980
607,2024-08-29,P049,Produk-16,Buku,1220834,11,Makassar,13429174
608,2024-08-30,P036,Produk-8,Pakaian,1734532,11,Bandung,19079852
609,2024-08-31,P012,Produk-1,Olahraga,504418,11,Surabaya,5548598
610,2024-09-01,P041,Produk-16,Buku,1581192,2,Medan,3162384
611,2024-09-02,P019,Produk-9,Makanan,1484904,17,Surabaya,25243368
612,2024-09-03,P012,Produk-13,Olahraga,1605157,9,Jakarta,14446413
613,2024-09-04,P009,Produk-11,Buku,1522542,2,Bandung,3045084
614,2024-09-05,P007,Produk-13,Elektronik,328710,15,Makassar,4930650
615,2024-09-06,P028,Produk-10,Elektronik,712550,16,Jakarta,11400800
616,2024-09-07,P014,Produk-4,Pakaian,1056111,4,Jakarta,4224444
617,2024-09-08,P031,Produk-6,Buku,612621,8,Bandung,4900968
618,2024-09-09,P019,Produk-7,Elektronik,1482649,9,Makassar,13343841
619,2024-09-10,P047,Produk-5,Makanan,1834841,5,Medan,9174205
620,2024-09-11,P016,Produk-11,Buku,663859,16,Makassar,10621744
621,2024-09-12,P005,Produk-13,Makanan,1218839,13,Surabaya,15844907
622,2024-09-13,P035,Produk-19,Makanan,1648099,7,Jakarta,11536693
623,2024-09-14,P012,Produk-10,Elektronik,50159,17,Surabaya,852703
624,2024-09-15,P025,Produk-10,Buku,1766081,3,Medan,5298243
625,2024-09-16,P021,Produk-11,Olahraga,1048413,5,Surabaya,5242065
626,2024-09-17,P036,Produk-7,Elektronik,1261569,19,Makassar,23969811
627,2024-09-18,P023,Produk-18,Elektronik,417003,12,Surabaya,5004036
628,2024-09-19,P016,Produk-4,Buku,1245885,7,Medan,8721195
629,2024-09-20,P039,Produk-2,Buku,1206083,9,Medan,10854747
630,2024-09-21,P045,Produk-14,Makanan,1113319,6,Medan,6679914
631,2024-09-22,P042,Produk-13,Buku,1851038,17,Makassar,31467646
632,2024-09-23,P039,Produk-12,Makanan,1144677,16,Medan,18314832
633,2024-09-24,P014,Produk-7,Elektronik,1341293,3,Jakarta,4023879
634,2024-09-25,P031,Produk-2,Pakaian,695822,4,Medan,2783288
635,2024-09-26,P005,Produk-13,Olahraga,1444947,10,Surabaya,14449470
636,2024-09-27,P035,Produk-14,Elektronik,1329180,5,Surabaya,6645900
637,2024-09-28,P023,Produk-17,Buku,1286026,10,Surabaya,12860260
638,2024-09-29,P029,Produk-9,Olahraga,1956134,12,Makassar,23473608
639,2024-09-30,P043,Produk-17,Pakaian,1941079,10,Surabaya,19410790
640,2024-10-01,P011,Produk-8,Pakaian,1825057,13,Makassar,23725741
641,2024-10-02,P018,Produk-2,Makanan,386907,11,Makassar,4255977
642,2024-10-03,P047,Produk-13,Olahraga,537030,16,Medan,8592480
643,2024-10-04,P012,Produk-3,Makanan,1858286,8,Jakarta,14866288
644,2024-10-05,P009,Produk-16,Elektronik,455453,8,Medan,3643624
645,2024-10-06,P010,Produk-6,Olahraga,721009,8,Medan,5768072
646,2024-10-07,P044,Produk-19,Elektronik,218785,13,Makassar,2844205
647,2024-10-08,P017,Produk-7,Makanan,254535,2,Makassar,509070
648,2024-10-09,P038,Produk-10,Olahraga,750769,12,Surabaya,9009228
649,2024-10-10,P007,Produk-9,Makanan,229838,10,Surabaya,2298380
650,2024-10-11,P046,Produk-2,Olahraga,620442,12,Medan,7445304
651,2024-10-12,P013,Produk-15,Makanan,319160,11,Bandung,3510760
652,2024-10-13,P040,Produk-5,Pakaian,522779,15,Bandung,7841685
653,2024-10-14,P042,Produk-4,Makanan,491904,16,Surabaya,7870464
654,2024-10-15,P009,Produk-20,Pakaian,926110,17,Bandung,15743870
655,2024-10-16,P050,Produk-4,Makanan,948488,2,Surabaya,1896976
656,2024-10-17,P027,Produk-18,Olahraga,628526,18,Makassar,11313468
657,2024-10-18,P002,Produk-4,Olahraga,370752,12,Medan,4449024
658,2024-10-19,P005,Produk-17,Olahraga,1711945,19,Jakarta,32526955
659,2024-10-20,P029,Produk-12,Buku,1346220,18,Medan,24231960
660,2024-10-21,P037,Produk-17,Elektronik,887393,17,Surabaya,15085681
661,2024-10-22,P038,Produk-10,Olahraga,1298351,6,Surabaya,7790106
662,2024-10-23,P019,Produk-1,Pakaian,1012261,15,Medan,15183915
663,2024-10-24,P008,Produk-18,Olahraga,1911925,3,Surabaya,5735775
664,2024-10-25,P048,Produk-18,Buku,990240,6,Bandung,5941440
665,2024-10-26,P045,Produk-14,Pakaian,864422,3,Bandung,2593266
666,2024-10-27,P001,Produk-15,Buku,1161127,1,Surabaya,1161127
667,2024-10-28,P022,Produk-12,Pakaian,784983,13,Surabaya,10204779
668,2024-10-29,P017,Produk-4,Makanan,1776376,14,Bandung,24869264
669,2024-10-30,P007,Produk-3,Elektronik,216277,13,Surabaya,2811601
670,2024-10-31,P025,Produk-20,Elektronik,1088660,4,Surabaya,4354640
671,2024-11-01,P045,Produk-12,Buku,130811,7,Medan,915677
672,2024-11-02,P004,Produk-7,Elektronik,829128,10,Jakarta,8291280
673,2024-11-03,P036,Produk-11,Buku,891535,7,Bandung,6240745
674,2024-11-04,P006,Produk-1,Buku,1562604,15,Medan,23439060
675,2024-11-05,P031,Produk-6,Buku,1009131,15,Jakarta,15136965
676,2024-11-06,P019,Produk-15,Elektronik,1466842,4,Surabaya,5867368
677,2024-11-07,P044,Produk-15,Buku,284104,6,Surabaya,1704624
678,2024-11-08,P039,Produk-19,Elektronik,1641872,5,Medan,8209360
679,2024-11-09,P027,Produk-11,Buku,252346,12,Surabaya,3028152
680,2024-11-10,P010,Produk-2,Olahraga,1655266,1,Makassar,1655266
681,2024-11-11,P026,Produk-14,Buku,234456,8,Medan,1875648
682,2024-11-12,P019,Produk-2,Pakaian,1882858,1,Jakarta,1882858
683,2024-11-13,P039,Produk-4,Buku,1497585,5,Medan,7487925
684,2024-11-14,P003,Produk-17,Makanan,1594619,6,Bandung,9567714
685,2024-11-15,P045,Produk-3,Buku,186643,3,Medan,559929
686,2024-11-16,P013,Produk-13,Pakaian,1588659,15,Surabaya,23829885
687,2024-11-17,P050,Produk-9,Pakaian,1212126,5,Surabaya,6060630
688,2024-11-18,P028,Produk-7,Elektronik,534146,14,Makassar,7478044
689,2024-11-19,P020,Produk-15,Olahraga,1010652,18,Makassar,18191736
690,2024-11-20,P028,Produk-11,Buku,141218,16,Makassar,2259488
691,2024-11-21,P008,Produk-20,Elektronik,1231872,6,Jakarta,7391232
692,2024-11-22,P041,Produk-2,Olahraga,1598485,14,Makassar,22378790
693,2024-11-23,P039,Produk-15,Buku,1617343,8,Jakarta,12938744
694,2024-11-24,P001,Produk-14,Makanan,1278343,7,Makassar,8948401
695,2024-11-25,P003,Produk-20,Buku,957211,8,Jakarta,7657688
696,2024-11-26,P013,Produk-11,Pakaian,1490434,13,Medan,19375642
697,2024-11-27,P028,Produk-3,Pakaian,1863924,6,Medan,11183544
698,2024-11-28,P049,Produk-17,Makanan,1338592,18,Surabaya,24094656
699,2024-11-29,P025,Produk-12,Elektronik,82441,2,Jakarta,164882
700,2024-11-30,P033,Produk-15,Olahraga,1336614,8,Bandung,10692912
701,2024-12-01,P038,Produk-16,Buku,744489,11,Surabaya,8189379
702,2024-12-02,P006,Produk-5,Pakaian,805612,1,Medan,805612
703,2024-12-03,P044,Produk-20,Elektronik,1947376,6,Jakarta,11684256
704,2024-12-04,P045,Produk-6,Makanan,1714986,16,Makassar,27439776
705,2024-12-05,P032,Produk-19,Pakaian,94760,12,Bandung,1137120
706,2024-12-06,P045,Produk-5,Makanan,1097159,11,Medan,12068749
707,2024-12-07,P047,Produk-3,Buku,335622,10,Surabaya,3356220
708,2024-12-08,P021,Produk-1,Olahraga,1956862,3,Jakarta,5870586
709,2024-12-09,P016,Produk-6,Pakaian,1979238,13,Bandung,25730094
710,2024-12-10,P021,Produk-15,Pakaian,1446436,3,Jakarta,4339308
711,2024-12-11,P011,Produk-2,Buku,717540,15,Makassar,10763100
712,2024-12-12,P037,Produk-3,Elektronik,148538,16,Surabaya,2376608
713,2024-12-13,P036,Produk-17,Olahraga,1638236,13,Jakarta,21297068
714,2024-12-14,P035,Produk-12,Pakaian,866228,17,Medan,14725876
715,2024-12-15,P019,Produk-18,Olahraga,1025776,3,Surabaya,3077328
716,2024-12-16,P020,Produk-15,Pakaian,561511,11,Medan,6176621
717,2024-12-17,P018,Produk-12,Olahraga,1319611,19,Jakarta,25072609
718,2024-12-18,P047,Produk-16,Makanan,935258,11,Surabaya,10287838
719,2024-12-19,P041,Produk-8,Pakaian,432736,16,Medan,6923776
720,2024-12-20,P049,Produk-14,Olahraga,1454355,3,Makassar,4363065
721,2024-12-21,P014,Produk-17,Elektronik,1733886,6,Makassar,10403316
722,2024-12-22,P015,Produk-8,Makanan,628328,14,Jakarta,8796592
723,2024-12-23,P031,Produk-15,Makanan,911789,18,Surabaya,16412202
724,2024-12-24,P001,Produk-14,Elektronik,1825304,17,Bandung,31030168
725,2024-12-25,P003,Produk-18,Olahraga,1701220,4,Surabaya,6804880
726,2024-12-26,P016,Produk-20,Buku,1376931,15,Makassar,20653965
727,2024-12-27,P023,Produk-7,Elektronik,417570,11,Medan,4593270
728,2024-12-28,P011,Produk-3,Olahraga,317986,3,Bandung,953958
729,2024-12-29,P012,Produk-12,Elektronik,506331,3,Jakarta,1518993
730,2024-12-30,P010,Produk-3,Elektronik,1951860,16,Bandung,31229760
731,2024-12-31,P032,Produk-20,Pakaian,1486457,5,Jakarta,7432285
732,2025-01-01,P016,Produk-14,Olahraga,1406688,10,Bandung,14066880
733,2025-01-02,P008,Produk-15,Buku,853940,19,Jakarta,16224860
734,2025-01-03,P038,Produk-14,Pakaian,203077,4,Jakarta,812308
735,2025-01-04,P012,Produk-7,Elektronik,1153151,19,Bandung,21909869
736,2025-01-05,P024,Produk-17,Elektronik,1572534,11,Bandung,17297874
737,2025-01-06,P028,Produk-12,Elektronik,1772907,2,Jakarta,3545814
738,2025-01-07,P008,Produk-20,Olahraga,468815,10,Makassar,4688150
739,2025-01-08,P028,Produk-4,Olahraga,530808,11,Bandung,5838888
740,2025-01-09,P036,Produk-9,Pakaian,1689778,16,Surabaya,27036448
741,2025-01-10,P026,Produk-6,Buku,823422,19,Medan,15645018
742,2025-01-11,P008,Produk-16,Pakaian,641343,11,Jakarta,7054773
743,2025-01-12,P050,Produk-2,Makanan,1710561,14,Jakarta,23947854
744,2025-01-13,P028,Produk-8,Elektronik,680527,2,Medan,1361054
745,2025-01-14,P028,Produk-11,Elektronik,285469,5,Makassar,1427345
746,2025-01-15,P037,Produk-13,Elektronik,1221682,5,Medan,6108410
747,2025-01-16,P041,Produk-17,Pakaian,841787,19,Bandung,15993953
748,2025-01-17,P036,Produk-8,Pakaian,1939128,12,Medan,23269536
749,2025-01-18,P027,Produk-18,Elektronik,517835,18,Jakarta,9321030
750,2025-01-19,P017,Produk-18,Pakaian,350486,4,Medan,1401944
751,2025-01-20,P009,Produk-14,Olahraga,52257,17,Surabaya,888369
752,2025-01-21,P033,Produk-15,Olahraga,1388084,10,Bandung,13880840
753,2025-01-22,P020,Produk-6,Pakaian,1778908,6,Medan,10673448
754,2025-01-23,P013,Produk-11,Elektronik,1210291,14,Jakarta,16944074
755,2025-01-24,P028,Produk-13,Pakaian,1125230,11,Bandung,12377530
756,2025-01-25,P048,Produk-1,Pakaian,1834705,11,Jakarta,20181755
757,2025-01-26,P029,Produk-6,Pakaian,393567,18,Makassar,7084206
758,2025-01-27,P013,Produk-9,Makanan,341464,18,Surabaya,6146352
759,2025-01-28,P046,Produk-8,Olahraga,595096,11,Makassar,6546056
760,2025-01-29,P035,Produk-11,Buku,626677,12,Surabaya,7520124
761,2025-01-30,P006,Produk-19,Buku,538906,5,Medan,2694530
762,2025-01-31,P018,Produk-9,Makanan,168581,9,Bandung,1517229
763,2025-02-01,P005,Produk-17,Pakaian,1226503,9,Medan,11038527
764,2025-02-02,P047,Produk-12,Makanan,1133349,10,Surabaya,11333490
765,2025-02-03,P025,Produk-14,Makanan,1805104,19,Surabaya,34296976
766,2025-02-04,P002,Produk-15,Elektronik,1519539,1,Surabaya,1519539
767,2025-02-05,P010,Produk-16,Olahraga,388540,7,Jakarta,2719780
768,2025-02-06,P030,Produk-20,Buku,551590,4,Bandung,2206360
769,2025-02-07,P050,Produk-1,Pakaian,1468412,1,Medan,1468412
770,2025-02-08,P045,Produk-10,Buku,1313340,15,Medan,19700100
771,2025-02-09,P005,Produk-8,Buku,1680369,8,Makassar,13442952
772,2025-02-10,P033,Produk-18,Olahraga,922328,12,Surabaya,11067936
773,2025-02-11,P001,Produk-1,Buku,1640999,18,Surabaya,29537982
774,2025-02-12,P018,Produk-2,Buku,665175,15,Surabaya,9977625
775,2025-02-13,P032,Produk-1,Makanan,1220694,17,Medan,20751798
776,2025-02-14,P047,Produk-1,Olahraga,1063539,14,Makassar,14889546
777,2025-02-15,P049,Produk-9,Elektronik,1408097,14,Jakarta,19713358
778,2025-02-16,P011,Produk-13,Pakaian,1253202,18,Bandung,22557636
779,2025-02-17,P021,Produk-1,Buku,898923,18,Jakarta,16180614
780,2025-02-18,P026,Produk-13,Pakaian,1344315,16,Medan,21509040
781,2025-02-19,P025,Produk-20,Elektronik,1943291,1,Surabaya,1943291
782,2025-02-20,P022,Produk-7,Pakaian,528356,11,Bandung,5811916
783,2025-02-21,P027,Produk-2,Elektronik,329067,15,Medan,4936005
784,2025-02-22,P049,Produk-6,Makanan,1408311,12,Medan,16899732
785,2025-02-23,P013,Produk-7,Buku,1685125,8,Medan,13481000
786,2025-02-24,P033,Produk-14,Elektronik,366480,6,Bandung,2198880
787,2025-02-25,P034,Produk-18,Pakaian,386227,3,Bandung,1158681
788,2025-02-26,P041,Produk-15,Buku,1683812,13,Makassar,21889556
789,2025-02-27,P035,Produk-2,Makanan,1339467,13,Makassar,17413071
790,2025-02-28,P001,Produk-10,Buku,214074,2,Jakarta,428148
791,2025-03-01,P021,Produk-12,Elektronik,523314,5,Bandung,2616570
792,2025-03-02,P048,Produk-17,Makanan,1608028,17,Bandung,27336476
793,2025-03-03,P006,Produk-8,Pakaian,338816,6,Bandung,2032896
794,2025-03-04,P028,Produk-11,Makanan,840645,2,Makassar,1681290
795,2025-03-05,P017,Produk-3,Makanan,1239941,4,Medan,4959764
796,2025-03-06,P005,Produk-6,Olahraga,1067481,11,Surabaya,11742291
797,2025-03-07,P031,Produk-9,Makanan,1547652,8,Makassar,12381216
798,2025-03-08,P005,Produk-6,Makanan,112507,12,Bandung,1350084
799,2025-03-09,P038,Produk-9,Buku,1155710,8,Makassar,9245680
800,2025-03-10,P003,Produk-7,Pakaian,183172,11,Jakarta,2014892
801,2025-03-11,P023,Produk-9,Buku,291225,8,Bandung,2329800
802,2025-03-12,P037,Produk-18,Buku,243069,8,Jakarta,1944552
803,2025-03-13,P037,Produk-12,Elektronik,864604,17,Bandung,14698268
804,2025-03-14,P010,Produk-8,Buku,856564,16,Makassar,13705024
805,2025-03-15,P010,Produk-8,Olahraga,1871797,14,Medan,26205158
806,2025-03-16,P019,Produk-18,Olahraga,1903207,11,Surabaya,20935277
807,2025-03-17,P017,Produk-20,Elektronik,1659473,7,Jakarta,11616311
808,2025-03-18,P021,Produk-15,Pakaian,1272613,16,Makassar,20361808
809,2025-03-19,P014,Produk-7,Pakaian,1761952,13,Medan,22905376
810,2025-03-20,P009,Produk-11,Buku,1531571,15,Makassar,22973565
811,2025-03-21,P046,Produk-20,Buku,546013,16,Jakarta,8736208
812,2025-03-22,P001,Produk-16,Buku,344025,9,Surabaya,3096225
813,2025-03-23,P045,Produk-4,Pakaian,787954,3,Makassar,2363862
814,2025-03-24,P013,Produk-6,Makanan,860904,19,Bandung,16357176
815,2025-03-25,P004,Produk-3,Olahraga,1598674,5,Medan,7993370
816,2025-03-26,P001,Produk-9,Makanan,757173,10,Makassar,7571730
817,2025-03-27,P049,Produk-10,Makanan,805728,17,Medan,13697376
818,2025-03-28,P040,Produk-14,Pakaian,1356379,15,Bandung,20345685
819,2025-03-29,P032,Produk-11,Makanan,1789957,8,Surabaya,14319656
820,2025-03-30,P034,Produk-18,Elektronik,366275,15,Surabaya,5494125
821,2025-03-31,P028,Produk-12,Buku,729447,14,Bandung,10212258
822,2025-04-01,P031,Produk-12,Elektronik,1111404,7,Medan,7779828
823,2025-04-02,P008,Produk-13,Olahraga,1029114,12,Makassar,12349368
824,2025-04-03,P039,Produk-13,Buku,933096,17,Bandung,15862632
825,2025-04-04,P026,Produk-19,Makanan,566835,17,Jakarta,9636195
826,2025-04-05,P034,Produk-19,Olahraga,706761,10,Medan,7067610
827,2025-04-06,P003,Produk-14,Buku,851625,19,Surabaya,16180875
828,2025-04-07,P050,Produk-4,Makanan,1322037,14,Bandung,18508518
829,2025-04-08,P012,Produk-13,Elektronik,488080,11,Surabaya,5368880
830,2025-04-09,P001,Produk-8,Buku,1512099,2,Medan,3024198
831,2025-04-10,P044,Produk-19,Makanan,1463238,18,Surabaya,26338284
832,2025-04-11,P005,Produk-12,Elektronik,331755,7,Bandung,2322285
833,2025-04-12,P030,Produk-18,Olahraga,749151,12,Medan,8989812
834,2025-04-13,P030,Produk-6,Olahraga,388384,2,Jakarta,776768
835,2025-04-14,P017,Produk-18,Olahraga,1338295,18,Bandung,24089310
836,2025-04-15,P048,Produk-19,Olahraga,782763,6,Makassar,4696578
837,2025-04-16,P047,Produk-5,Pakaian,1887753,10,Bandung,18877530
838,2025-04-17,P023,Produk-9,Buku,891675,15,Medan,13375125
839,2025-04-18,P015,Produk-3,Buku,316010,5,Bandung,1580050
840,2025-04-19,P037,Produk-10,Pakaian,737605,3,Jakarta,2212815
841,2025-04-20,P021,Produk-19,Makanan,1536516,5,Jakarta,7682580
842,2025-04-21,P014,Produk-3,Makanan,965113,8,Makassar,7720904
843,2025-04-22,P002,Produk-15,Olahraga,645642,8,Surabaya,5165136
844,2025-04-23,P011,Produk-1,Elektronik,1149950,8,Medan,9199600
845,2025-04-24,P039,Produk-7,Makanan,164397,12,Medan,1972764
846,2025-04-25,P038,Produk-12,Elektronik,298552,8,Surabaya,2388416
847,2025-04-26,P034,Produk-17,Buku,436721,11,Jakarta,4803931
848,2025-04-27,P038,Produk-20,Elektronik,473332,14,Jakarta,6626648
849,2025-04-28,P050,Produk-5,Buku,1966037,8,Bandung,15728296
850,2025-04-29,P034,Produk-4,Pakaian,1978582,10,Makassar,19785820
851,2025-04-30,P018,Produk-12,Pakaian,342575,7,Makassar,2398025
852,2025-05-01,P030,Produk-20,Olahraga,1509700,17,Makassar,25664900
853,2025-05-02,P015,Produk-18,Makanan,79336,4,Bandung,317344
854,2025-05-03,P027,Produk-17,Olahraga,877424,13,Makassar,11406512
855,2025-05-04,P034,Produk-19,Buku,1153926,4,Surabaya,4615704
856,2025-05-05,P038,Produk-9,Olahraga,1692425,5,Bandung,8462125
857,2025-05-06,P033,Produk-4,Elektronik,560470,4,Surabaya,2241880
858,2025-05-07,P024,Produk-2,Buku,1936963,18,Bandung,34865334
859,2025-05-08,P015,Produk-4,Pakaian,1159816,6,Makassar,6958896
860,2025-05-09,P030,Produk-2,Makanan,725453,2,Surabaya,1450906
861,2025-05-10,P042,Produk-15,Buku,1497947,11,Surabaya,16477417
862,2025-05-11,P017,Produk-2,Buku,1669471,14,Surabaya,23372594
863,2025-05-12,P005,Produk-4,Elektronik,1000991,5,Bandung,5004955
864,2025-05-13,P029,Produk-6,Makanan,1809604,6,Medan,10857624
865,2025-05-14,P004,Produk-7,Pakaian,231196,10,Makassar,2311960
866,2025-05-15,P010,Produk-10,Buku,365014,8,Surabaya,2920112
867,2025-05-16,P017,Produk-19,Buku,1548339,14,Medan,21676746
868,2025-05-17,P010,Produk-19,Elektronik,1686974,3,Makassar,5060922
869,2025-05-18,P017,Produk-12,Olahraga,1283202,12,Makassar,15398424
870,2025-05-19,P020,Produk-3,Pakaian,726296,16,Surabaya,11620736
871,2025-05-20,P024,Produk-13,Makanan,429039,17,Surabaya,7293663
872,2025-05-21,P005,Produk-18,Buku,578714,1,Bandung,578714
873,2025-05-22,P034,Produk-8,Buku,794199,10,Medan,7941990
874,2025-05-23,P006,Produk-15,Pakaian,864038,10,Medan,8640380
875,2025-05-24,P002,Produk-1,Olahraga,491048,2,Surabaya,982096
876,2025-05-25,P013,Produk-3,Buku,602439,9,Makassar,5421951
877,2025-05-26,P043,Produk-8,Pakaian,323452,13,Surabaya,4204876
878,2025-05-27,P043,Produk-4,Elektronik,290853,16,Makassar,4653648
879,2025-05-28,P048,Produk-16,Olahraga,828883,18,Makassar,14919894
880,2025-05-29,P011,Produk-10,Makanan,226743,19,Surabaya,4308117
881,2025-05-30,P047,Produk-12,Buku,1188882,12,Jakarta,14266584
882,2025-05-31,P023,Produk-14,Pakaian,799468,8,Medan,6395744
883,2025-06-01,P016,Produk-14,Elektronik,943416,17,Makassar,16038072
884,2025-06-02,P031,Produk-2,Makanan,1625068,15,Makassar,24376020
885,2025-06-03,P011,Produk-5,Pakaian,142769,10,Jakarta,1427690
886,2025-06-04,P016,Produk-5,Pakaian,1185841,15,Bandung,17787615
887,2025-06-05,P008,Produk-6,Makanan,867563,15,Jakarta,13013445
888,2025-06-06,P004,Produk-13,Elektronik,1151004,7,Jakarta,8057028
889,2025-06-07,P040,Produk-9,Elektronik,1656734,13,Makassar,21537542
890,2025-06-08,P004,Produk-15,Olahraga,677835,17,Medan,11523195
891,2025-06-09,P025,Produk-14,Buku,810278,9,Jakarta,7292502
892,2025-06-10,P003,Produk-7,Makanan,1147643,8,Bandung,9181144
893,2025-06-11,P032,Produk-20,Makanan,1026089,18,Surabaya,18469602
894,2025-06-12,P003,Produk-2,Makanan,812371,13,Jakarta,10560823
895,2025-06-13,P027,Produk-7,Elektronik,1210793,16,Jakarta,19372688
896,2025-06-14,P029,Produk-6,Buku,1516760,9,Bandung,13650840
897,2025-06-15,P032,Produk-17,Olahraga,1721798,12,Medan,20661576
898,2025-06-16,P050,Produk-2,Pakaian,192980,12,Jakarta,2315760
899,2025-06-17,P019,Produk-3,Pakaian,552367,6,Jakarta,3314202
900,2025-06-18,P021,Produk-5,Makanan,386851,19,Medan,7350169
901,2025-06-19,P005,Produk-5,Buku,259329,7,Bandung,1815303
902,2025-06-20,P018,Produk-1,Elektronik,307354,3,Jakarta,922062
903,2025-06-21,P028,Produk-8,Buku,1621982,16,Medan,25951712
904,2025-06-22,P042,Produk-12,Buku,1159791,18,Jakarta,20876238
905,2025-06-23,P022,Produk-4,Elektronik,1809771,16,Surabaya,28956336
906,2025-06-24,P021,Produk-13,Makanan,361573,7,Makassar,2531011
907,2025-06-25,P006,Produk-15,Buku,1967160,4,Surabaya,7868640
908,2025-06-26,P001,Produk-11,Pakaian,1730912,8,Jakarta,13847296
909,2025-06-27,P005,Produk-10,Elektronik,1268106,13,Bandung,16485378
910,2025-06-28,P041,Produk-3,Olahraga,227241,13,Makassar,2954133
911,2025-06-29,P012,Produk-14,Makanan,188731,17,Surabaya,3208427
912,2025-06-30,P026,Produk-16,Elektronik,503830,17,Medan,8565110
913,2025-07-01,P046,Produk-10,Olahraga,814265,5,Bandung,4071325
914,2025-07-02,P034,Produk-10,Olahraga,389384,6,Surabaya,2336304
915,2025-07-03,P049,Produk-12,Buku,1524585,19,Medan,28967115
916,2025-07-04,P014,Produk-9,Buku,163688,13,Jakarta,2127944
917,2025-07-05,P026,Produk-1,Buku,358617,14,Medan,5020638
918,2025-07-06,P045,Produk-5,Elektronik,933194,4,Surabaya,3732776
919,2025-07-07,P027,Produk-20,Elektronik,794748,7,Surabaya,5563236
920,2025-07-08,P009,Produk-8,Makanan,1589410,8,Jakarta,12715280
921,2025-07-09,P026,Produk-11,Buku,943388,13,Medan,12264044
922,2025-07-10,P047,Produk-12,Olahraga,430596,6,Medan,2583576
923,2025-07-11,P022,Produk-1,Pakaian,1809687,6,Jakarta,10858122
924,2025-07-12,P047,Produk-20,Makanan,962743,3,Medan,2888229
925,2025-07-13,P030,Produk-11,Elektronik,784275,3,Jakarta,2352825
926,2025-07-14,P043,Produk-5,Makanan,1367726,13,Bandung,17780438
927,2025-07-15,P048,Produk-15,Makanan,1347819,2,Surabaya,2695638
928,2025-07-16,P017,Produk-5,Makanan,1084186,16,Bandung,17346976
929,2025-07-17,P026,Produk-12,Makanan,648506,6,Makassar,3891036
930,2025-07-18,P036,Produk-5,Pakaian,1294992,8,Makassar,10359936
931,2025-07-19,P001,Produk-17,Buku,606718,8,Makassar,4853744
932,2025-07-20,P008,Produk-17,Olahraga,73091,6,Jakarta,438546
933,2025-07-21,P049,Produk-12,Makanan,1879989,14,Medan,26319846
934,2025-07-22,P035,Produk-15,Makanan,1646853,3,Bandung,4940559
935,2025-07-23,P015,Produk-15,Makanan,1174027,10,Bandung,11740270
936,2025-07-24,P047,Produk-6,Buku,1075592,3,Bandung,3226776
937,2025-07-25,P022,Produk-12,Elektronik,68990,12,Bandung,827880
938,2025-07-26,P014,Produk-20,Elektronik,402414,17,Makassar,6841038
939,2025-07-27,P026,Produk-18,Pakaian,916792,5,Bandung,4583960
940,2025-07-28,P028,Produk-14,Elektronik,300541,9,Medan,2704869
941,2025-07-29,P023,Produk-2,Makanan,872513,7,Makassar,6107591
942,2025-07-30,P014,Produk-9,Makanan,716393,4,Bandung,2865572
943,2025-07-31,P024,Produk-5,Makanan,1468992,13,Jakarta,19096896
944,2025-08-01,P002,Produk-20,Pakaian,1901249,13,Surabaya,24716237
945,2025-08-02,P045,Produk-1,Makanan,174932,10,Surabaya,1749320
946,2025-08-03,P026,Produk-3,Elektronik,1089955,18,Surabaya,19619190
947,2025-08-04,P014,Produk-6,Buku,318083,17,Makassar,5407411
948,2025-08-05,P007,Produk-5,Buku,1211576,13,Bandung,15750488
949,2025-08-06,P003,Produk-5,Olahraga,1801498,17,Makassar,30625466
950,2025-08-07,P047,Produk-1,Elektronik,609351,4,Medan,2437404
951,2025-08-08,P023,Produk-17,Makanan,543216,1,Jakarta,543216
952,2025-08-09,P046,Produk-19,Buku,1830657,1,Jakarta,1830657
953,2025-08-10,P043,Produk-14,Elektronik,732405,15,Surabaya,10986075
954,2025-08-11,P047,Produk-12,Buku,1608426,13,Surabaya,20909538
955,2025-08-12,P045,Produk-10,Makanan,1536561,17,Surabaya,26121537
956,2025-08-13,P018,Produk-20,Buku,883550,8,Bandung,7068400
957,2025-08-14,P038,Produk-18,Olahraga,1183279,18,Medan,21299022
958,2025-08-15,P035,Produk-11,Olahraga,545164,13,Medan,7087132
959,2025-08-16,P015,Produk-2,Buku,1513417,14,Medan,21187838
960,2025-08-17,P025,Produk-18,Elektronik,1858660,8,Medan,14869280
961,2025-08-18,P037,Produk-7,Elektronik,1751421,8,Surabaya,14011368
962,2025-08-19,P028,Produk-15,Elektronik,339220,15,Jakarta,5088300
963,2025-08-20,P010,Produk-11,Buku,1351893,13,Surabaya,17574609
964,2025-08-21,P039,Produk-18,Elektronik,1294453,7,Medan,9061171
965,2025-08-22,P017,Produk-12,Makanan,1929613,5,Surabaya,9648065
966,2025-08-23,P039,Produk-6,Olahraga,1445285,17,Medan,24569845
967,2025-08-24,P022,Produk-20,Makanan,531725,16,Makassar,8507600
968,2025-08-25,P026,Produk-13,Elektronik,875553,2,Jakarta,1751106
969,2025-08-26,P044,Produk-20,Makanan,867865,18,Makassar,15621570
970,2025-08-27,P025,Produk-16,Elektronik,617597,17,Bandung,10499149
971,2025-08-28,P017,Produk-18,Buku,903900,7,Surabaya,6327300
972,2025-08-29,P013,Produk-10,Makanan,487470,13,Bandung,6337110
973,2025-08-30,P020,Produk-8,Buku,1952301,18,Surabaya,35141418
974,2025-08-31,P025,Produk-18,Buku,1456978,14,Makassar,20397692
975,2025-09-01,P004,Produk-1,Pakaian,1005357,18,Medan,18096426
976,2025-09-02,P010,Produk-8,Elektronik,874837,13,Medan,11372881
977,2025-09-03,P003,Produk-6,Olahraga,1034156,11,Surabaya,11375716
978,2025-09-04,P041,Produk-5,Elektronik,1666391,16,Medan,26662256
979,2025-09-05,P045,Produk-15,Olahraga,913659,17,Makassar,15532203
980,2025-09-06,P018,Produk-15,Elektronik,967996,8,Medan,7743968
981,2025-09-07,P047,Produk-2,Buku,798778,19,Makassar,15176782
982,2025-09-08,P036,Produk-1,Makanan,189883,15,Bandung,2848245
983,2025-09-09,P047,Produk-11,Makanan,1716208,9,Makassar,15445872
984,2025-09-10,P022,Produk-10,Pakaian,1253920,10,Jakarta,12539200
985,2025-09-11,P034,Produk-18,Olahraga,1061439,12,Jakarta,12737268
986,2025-09-12,P047,Produk-18,Olahraga,1563802,1,Jakarta,1563802
987,2025-09-13,P008,Produk-17,Olahraga,797852,9,Surabaya,7180668
988,2025-09-14,P040,Produk-8,Buku,1670017,15,Surabaya,25050255
989,2025-09-15,P049,Produk-15,Olahraga,1206618,1,Surabaya,1206618
990,2025-09-16,P044,Produk-8,Makanan,1152686,12,Makassar,13832232
991,2025-09-17,P019,Produk-17,Buku,1243627,3,Surabaya,3730881
992,2025-09-18,P042,Produk-12,Elektronik,1863995,11,Bandung,20503945
993,2025-09-19,P041,Produk-8,Olahraga,813461,2,Jakarta,1626922
994,2025-09-20,P037,Produk-14,Olahraga,78328,16,Makassar,1253248
995,2025-09-21,P006,Produk-4,Elektronik,687199,9,Jakarta,6184791
996,2025-09-22,P026,Produk-1,Olahraga,1373587,15,Surabaya,20603805
997,2025-09-23,P034,Produk-1,Elektronik,1157810,12,Makassar,13893720
998,2025-09-24,P045,Produk-19,Buku,862283,1,Medan,862283
999,2025-09-25,P006,Produk-16,Makanan,867711,13,Bandung,11280243
1000,2025-09-26,P037,Produk-14,Elektronik,1871367,14,Surabaya,26199138
